Date,Close,Volume
2020-01-01,100.0,893153
2020-01-02,101.04342830602246,644897
2020-01-03,100.81453604012202,754801
2020-01-06,102.17087169748461,303981
2020-01-07,105.33414289434342,204211
2020-01-08,104.89352306514458,286321
2020-01-09,104.45478082079411,542111
2020-01-10,107.80613478146878,587689
2020-01-13,109.51472128580029,960952
2020-01-14,108.54119151591343,556956
2020-01-15,109.77326438366632,950741
2020-01-16,108.81073355759472,129984
2020-01-17,107.85161100186197,743235
2020-01-20,108.42745722316423,829182
2020-01-21,104.33262871410464,105901
2020-01-22,100.7854907928233,262624
2020-01-23,99.702475046195,322317
2020-01-24,97.73269089369505,393199
2020-01-27,98.39580198755594,793045
2020-01-28,96.65808474585135,245788
2020-01-29,93.97620237121336,738387
2020-01-30,96.7779125786648,635426
2020-01-31,96.38929835353771,790658
2020-02-03,96.56767292809334,123429
2020-02-04,93.86426442753428,674488
2020-02-05,92.88923487965579,302380
2020-02-06,93.141749786876,541460
2020-02-07,91.04420954587806,872577
2020-02-10,91.77383423281569,345127
2020-02-11,90.71726283868361,987700
2020-02-12,90.233388298735,860801
2020-02-13,89.19262446522012,117347
2020-02-14,92.54141182777323,772280
2020-02-17,92.562701489027,656110
2020-02-18,90.650891220199,664396
2020-02-19,92.18750525282499,582315
2020-02-20,89.98266839755976,107967
2020-02-21,90.40354180395124,997151
2020-02-24,86.90552117553082,636159
2020-02-25,84.64043992016684,325371
2020-02-26,85.01600857227074,308524
2020-02-27,86.31414619846137,829630
2020-02-28,86.65313340908881,264685
2020-03-02,86.49603425494695,652467
2020-03-03,86.01839676071478,351537
2020-03-04,83.51780413535779,807548
2020-03-05,82.35716688533185,941531
2020-03-06,81.63960738609873,659550
2020-03-09,83.40648805994441,964645
2020-03-10,84.02139119929578,479551
2020-03-11,81.10074016301944,571082
2020-03-12,81.66695952895869,972701
2020-03-13,81.0788230285216,160545
2020-03-16,80.02168165869746,334555
2020-03-17,81.04063980480275,323894
2020-03-18,82.75221734353552,827506
2020-03-19,84.33490334870365,402066
2020-03-20,82.9615642261876,667201
2020-03-23,82.48999016072644,459177
2020-03-24,83.07775349974855,466936
2020-03-25,84.74021432847746,350497
2020-03-26,83.9704778833278,543057
2020-03-27,83.70066566239366,801692
2020-03-30,81.89049651982702,585278
2020-03-31,79.97228268036149,256104
2020-04-01,81.31185971677371,793206
2020-04-02,83.55808362554056,814834
2020-04-03,83.47952211213544,144936
2020-04-06,85.19675080798815,785154
2020-04-07,85.85555346957564,816948
2020-04-08,84.79073897459483,302056
2020-04-09,85.44599435314673,325469
2020-04-10,88.117098625787,128141
2020-04-13,88.09801944266744,237478
2020-04-14,90.89890859660375,197359
2020-04-15,86.18171863564096,254363
2020-04-16,87.64146890251867,665856
2020-04-17,87.83786829545096,721827
2020-04-20,87.35650386420684,671139
2020-04-21,87.56050012873908,593158
2020-04-22,84.12362981474766,679111
2020-04-23,83.79609969819204,123312
2020-04-24,84.43649056095866,527387
2020-04-27,86.97447253741743,534995
2020-04-28,86.11643419636209,824188
2020-04-29,84.76700069042566,600531
2020-04-30,83.95873539757174,985155
2020-05-01,85.53783484892104,898843
2020-05-04,86.14301692883488,596037
2020-05-05,85.27338559327275,349062
2020-05-06,86.19138332079628,943441
2020-05-07,86.4018239778107,508638
2020-05-08,88.11887876917982,535684
2020-05-11,86.92565557918628,656659
2020-05-12,86.39947346894598,157022
2020-05-13,85.76511444621048,433373
2020-05-14,83.29762646302775,199071
2020-05-15,83.83259760080034,282268
2020-05-18,84.31221273128521,458918
2020-05-19,84.36299137453547,589626
2020-05-20,84.00936342403266,388859
2020-05-21,81.67328020477156,914037
2020-05-22,81.0270071786131,724141
2020-05-25,80.51213805038583,655462
2020-05-26,79.26053295432587,597660
2020-05-27,79.04449139151173,176373
2020-05-28,79.72277352667167,955684
2020-05-29,82.77007434206318,293021
2020-06-01,83.10045575016554,293718
2020-06-02,83.57005707499452,694305
2020-06-03,83.48741311494045,163037
2020-06-04,80.32529191900338,714106
2020-06-05,80.32285986925564,630836
2020-06-08,80.45977855345004,741269
2020-06-09,84.46384674060873,334213
2020-06-10,84.18112772301608,304366
2020-06-11,84.73091019366802,602420
2020-06-12,84.7144524519337,254249
2020-06-15,82.77673127716888,386166
2020-06-16,84.71010238309802,730585
2020-06-17,86.02638391797217,760902
2020-06-18,87.43038946928529,322084
2020-06-19,85.88394267699621,589536
2020-06-22,88.33643477209577,160428
2020-06-23,85.90391249011094,778100
2020-06-24,86.95513085495638,421497
2020-06-25,90.8080355318695,737420
2020-06-26,89.05446639347394,287604
2020-06-29,88.09036678407847,640340
2020-06-30,88.30997847349259,200689
2020-07-01,87.46489497919076,802436
2020-07-02,84.79605514375494,546636
2020-07-03,84.95473056717626,756031
2020-07-06,83.1922534168576,362307
2020-07-07,84.02183397368017,403568
2020-07-08,82.5188106834636,602754
2020-07-09,85.1180449635939,563547
2020-07-10,83.82722420697652,503850
2020-07-13,83.32918736053178,235870
2020-07-14,84.72664652675635,384564
2020-07-15,82.68326973280178,610259
2020-07-16,83.10075399019375,744863
2020-07-17,85.31479533626262,882518
2020-07-20,82.61461067066946,391444
2020-07-21,82.96098706279018,976313
2020-07-22,83.43367021895128,110749
2020-07-23,84.77999408713079,728419
2020-07-24,82.72501060508803,780481
2020-07-27,80.58167736397147,399631
2020-07-28,81.46314673952119,325019
2020-07-29,81.98774443319063,526577
2020-07-30,82.43948518133722,907655
2020-07-31,83.05192516458642,697218
2020-08-03,81.96390388143661,769416
2020-08-04,82.38561422758158,390524
2020-08-05,82.90970614921355,912467
2020-08-06,81.76662767917135,917052
2020-08-07,84.85867278873216,356553
2020-08-10,85.70527878097018,548532
2020-08-11,83.7061114535507,819401
2020-08-12,84.84711550006817,479504
2020-08-13,83.23556049282666,153352
2020-08-14,84.58744683602862,524127
2020-08-17,86.58979339832156,263856
2020-08-18,85.21183404718612,103191
2020-08-19,86.89626090121345,976968
2020-08-20,87.65709141410642,728864
2020-08-21,89.14210801166412,295713
2020-08-24,92.56836156438004,542939
2020-08-25,92.16034222824712,103631
2020-08-26,90.8171307422214,237244
2020-08-27,89.24687634254464,404224
2020-08-28,87.83532938829018,320169
2020-08-31,87.74380197212857,714641
2020-09-01,88.38635329952886,513497
2020-09-02,88.91966029106487,652959
2020-09-03,90.43517719126525,747099
2020-09-04,90.50391134777688,806791
2020-09-07,93.18017368865112,321972
2020-09-08,92.73354838171542,877499
2020-09-09,97.82493393623406,489878
2020-09-10,99.09796374242559,848321
2020-09-11,97.44866135535108,608679
2020-09-14,95.41024487819789,521818
2020-09-15,96.37860622634354,844149
2020-09-16,95.99605489359345,937831
2020-09-17,97.41487753353859,778832
2020-09-18,98.38559267714726,804590
2020-09-21,98.29147915877026,107099
2020-09-22,96.67597275652368,873974
2020-09-23,93.79532416242142,518647
2020-09-24,93.00460153105274,680780
2020-09-25,94.64408440417284,196722
2020-09-28,95.09666057417222,654399
2020-09-29,92.77489694839414,163936
2020-09-30,93.14262124785375,777974
2020-10-01,93.90698197368366,323332
2020-10-02,92.29392777809758,825836
2020-10-05,92.62383261850297,873319
2020-10-06,92.77797482669783,423064
2020-10-07,90.70351442371532,587510
2020-10-08,91.39791760092665,163530
2020-10-09,92.46870731838469,529440
2020-10-12,94.51790864036363,369932
2020-10-13,96.55723091626906,652370
2020-10-14,93.94503074596513,713858
2020-10-15,92.22992321715486,725303
2020-10-16,93.22607144173907,832176
2020-10-19,94.23064939277,970020
2020-10-20,95.24843027644363,247603
2020-10-21,102.63538702681156,974772
2020-10-22,103.8585760906235,718727
2020-10-23,106.2692699876007,241214
2020-10-26,108.35002604206062,739341
2020-10-27,109.81576623593273,672643
2020-10-28,109.17824344563464,503082
2020-10-29,110.8900910938126,301139
2020-10-30,109.23156297056617,858994
2020-11-02,108.76881742095699,749714
2020-11-03,107.76735344733524,688315
2020-11-04,107.99770431040776,551122
2020-11-05,113.05125939182611,259210
2020-11-06,108.88585138870167,192601
2020-11-09,110.43477481645806,129956
2020-11-10,106.92799392231115,338340
2020-11-11,105.97220336573474,729085
2020-11-12,108.33315934975887,569511
2020-11-13,108.52659908046724,760799
2020-11-16,106.24158287149946,928965
2020-11-17,104.77480369682253,521486
2020-11-18,106.2512855134196,703103
2020-11-19,104.75236328585527,139279
2020-11-20,105.2582304437429,471931
2020-11-23,105.40679578349159,248702
2020-11-24,104.08583708593257,161063
2020-11-25,108.60096430853282,873887
2020-11-26,110.03214913303226,354311
2020-11-27,105.63054938538349,752184
2020-11-30,106.0772700941636,790504
2020-12-01,104.72629869785271,545377
2020-12-02,106.56410560799917,589934
2020-12-03,104.92830238746572,619089
2020-12-04,104.73998453815744,846434
2020-12-07,105.85020172627411,308432
2020-12-08,107.7359340661068,282051
2020-12-09,105.20350094173293,197661
2020-12-10,104.55228867060771,797960
2020-12-11,103.61143242943798,552776
2020-12-14,102.30939059295295,571256
2020-12-15,105.9729962371075,223257
2020-12-16,106.8843252418613,972637
2020-12-17,104.24239279113442,369054
2020-12-18,106.20811649978837,933289
2020-12-21,110.76902481009958,659252
2020-12-22,113.11171272373575,518443
2020-12-23,109.73109779789637,903585
2020-12-24,108.72325261866011,421909
2020-12-25,111.53246826333772,854444
2020-12-28,110.00967205316819,732500
2020-12-29,111.04116548401859,663359
2020-12-30,112.81701142908865,212990
2020-12-31,110.7819494226833,169519
2021-01-01,110.70545369770254,109503
2021-01-04,103.58428699579355,291775
2021-01-05,101.51386987059315,719745
2021-01-06,101.05184339644882,813226
2021-01-07,98.58055350421435,247977
2021-01-08,101.84832397872879,670126
2021-01-11,98.98609809275975,551495
2021-01-12,98.16442540729881,713777
2021-01-13,98.47018909293661,126806
2021-01-14,101.35787325366185,276072
2021-01-15,98.49783351170917,515384
2021-01-18,100.8384646205973,170119
2021-01-19,100.9095215761393,925146
2021-01-20,98.97910496892555,285165
2021-01-21,99.94336628712222,941851
2021-01-22,100.39123189161984,729720
2021-01-25,99.2362972735634,570641
2021-01-26,99.42445343132786,979381
2021-01-27,98.70797378269073,571027
2021-01-28,98.98142911236089,507507
2021-01-29,100.34169263538155,802164
2021-02-01,103.5747357193033,963403
2021-02-02,101.06239482395799,979903
2021-02-03,105.42431524301378,951378
2021-02-04,101.36107700945726,985421
2021-02-05,101.1040555338262,184080
2021-02-08,102.34423267191156,352791
2021-02-09,102.97056273005529,177794
2021-02-10,101.73965361206709,392985
2021-02-11,101.36703772566686,224447
2021-02-12,100.41824035768268,220029
2021-02-15,99.2847900414381,279830
2021-02-16,101.02148375288878,607942
2021-02-17,101.79331917706419,438416
2021-02-18,100.43354448482836,661931
2021-02-19,102.29076133922821,406094
2021-02-22,102.9705847588908,287921
2021-02-23,104.69608780537422,462644
2021-02-24,106.06682937965351,783404
2021-02-25,104.36128534674224,598685
2021-02-26,103.24424172177899,487732
2021-03-01,104.8389390747296,640285
2021-03-02,106.17116996568308,966183
2021-03-03,106.1798726169595,722893
2021-03-04,106.48211868555214,941965
2021-03-05,109.25632904636906,444710
2021-03-08,108.01829884463095,850230
2021-03-09,109.25423856238005,769931
2021-03-10,108.86705759596978,732543
2021-03-11,108.44752488298181,884586
2021-03-12,110.88494124535781,551157
2021-03-15,112.77090858319039,158005
2021-03-16,114.66209845334144,317322
2021-03-17,117.71320829286174,289784
2021-03-18,117.82151348870951,667829
2021-03-19,119.48739886957576,123387
2021-03-22,118.80568321498951,980412
2021-03-23,119.63534215625101,804268
2021-03-24,119.38376565055839,185457
2021-03-25,119.67505240445847,244129
2021-03-26,121.15939889482159,688316
2021-03-29,119.23727607139145,743534
2021-03-30,124.28670589421061,417875
2021-03-31,121.84815751877936,780218
2021-04-01,118.95014869056939,279761
2021-04-02,121.76477297697465,668926
2021-04-05,123.75358792755787,584814
2021-04-06,125.36020605465956,277558
2021-04-07,126.99827660798469,644855
2021-04-08,127.03066936537734,522955
2021-04-09,124.8146082320429,682092
2021-04-12,125.06624586082198,470965
2021-04-13,123.43497752176222,103754
2021-04-14,125.90397265803203,651332
2021-04-15,125.5966224735649,167260
2021-04-16,123.58582758923099,166912
2021-04-19,122.85324579870267,356695
2021-04-20,123.92927181060479,632994
2021-04-21,122.59399697989498,895326
2021-04-22,120.63930828456733,446130
2021-04-23,121.28759307135321,968374
2021-04-26,121.94246498374329,806972
2021-04-27,120.76707820800632,129725
2021-04-28,119.68974334923882,236998
2021-04-29,120.30506816984429,204555
2021-04-30,116.88098299553883,361486
2021-05-03,113.64930849744174,895928
2021-05-04,112.073119372904,680735
2021-05-05,111.65072217031829,988036
2021-05-06,112.40080861594811,785166
2021-05-07,115.77363365589,974631
2021-05-10,117.81740789307872,665609
2021-05-11,117.49944573657484,877401
2021-05-12,117.51350758167158,333103
2021-05-13,115.21604949361814,515872
2021-05-14,115.23099731050934,155147
2021-05-17,114.62336435226335,715684
2021-05-18,115.42049777693688,542882
2021-05-19,113.56861988019946,575584
2021-05-20,114.8050335273788,400931
2021-05-21,118.38175889006207,344839
2021-05-24,118.18344541607776,556162
2021-05-25,119.19205064641936,646015
2021-05-26,120.89684022400962,863711
2021-05-27,119.98716289843796,195081
2021-05-28,120.58492090227323,484865
2021-05-31,120.67558243576921,865418
2021-06-01,120.97166262863578,692344
2021-06-02,119.16190288432614,758441
2021-06-03,119.27989741586273,789556
2021-06-04,120.5275610664313,792095
2021-06-07,124.08588084305809,860109
2021-06-08,126.52856309191624,180102
2021-06-09,132.04060902193535,256570
2021-06-10,130.0802085357416,701153
2021-06-11,132.4146816467026,787016
2021-06-14,132.96643245397217,167695
2021-06-15,138.85632134634312,531116
2021-06-16,136.68100297791685,621608
2021-06-17,134.45386300717115,217235
2021-06-18,132.909276805914,540917
2021-06-21,127.33002254973317,733065
2021-06-22,126.05479958568311,119033
2021-06-23,124.203980675254,616409
2021-06-24,124.63967280457501,766165
2021-06-25,125.55391970097476,791211
2021-06-28,130.32790871866968,651120
2021-06-29,132.8704076975722,294509
2021-06-30,131.4037744228193,477869
2021-07-01,129.1083747337905,245016
2021-07-02,130.44314661582933,382017
2021-07-05,127.06406071332765,664660
2021-07-06,131.78184450005378,189464
2021-07-07,134.95631131402413,770739
2021-07-08,133.7574251623531,217322
2021-07-09,129.24141460357595,792111
2021-07-12,132.8055629274745,986514
2021-07-13,132.56773513641025,845182
2021-07-14,135.91590910384298,891542
2021-07-15,131.64970536348793,547557
2021-07-16,130.1373793126877,898519
2021-07-19,130.21609602912858,516978
2021-07-20,130.40355666732665,969049
2021-07-21,129.29495568137932,724771
2021-07-22,130.97023024720042,623886
2021-07-23,128.23918549326694,633884
2021-07-26,127.93813250221194,334627
2021-07-27,128.30990953785093,731827
2021-07-28,129.69421649783655,642601
2021-07-29,131.60491028732432,999607
2021-07-30,128.71054431043453,821909
2021-08-02,124.82576618359509,214914
2021-08-03,128.07791883125694,647993
2021-08-04,128.9931995317288,822724
2021-08-05,127.12670266835762,959877
2021-08-06,131.13412273940554,203892
2021-08-09,131.50306763459915,834005
2021-08-10,134.6704431155612,364167
2021-08-11,134.91963321331878,743942
2021-08-12,140.54780011332915,290868
2021-08-13,145.55225989047523,180073
2021-08-16,144.90029013156374,978629
2021-08-17,147.78835853016324,688717
2021-08-18,149.76983375390898,204195
2021-08-19,153.9443130876254,816987
2021-08-20,151.05039565774644,133848
2021-08-23,153.19848774506207,389910
2021-08-24,156.51806760448858,168099
2021-08-25,151.09083652159768,529276
2021-08-26,147.590791569859,169122
2021-08-27,141.6451491394371,771447
2021-08-30,140.95276828912515,673156
2021-08-31,143.046036019647,743407
2021-09-01,147.4156834574268,516441
2021-09-02,147.7078459530797,981718
2021-09-03,152.59288575849695,368787
2021-09-06,148.4573089184058,586275
2021-09-07,143.4739461127543,398871
2021-09-08,143.38629013464706,209079
2021-09-09,144.55937767756046,952129
2021-09-10,144.5371307176431,116029
2021-09-13,138.63295630170947,346353
2021-09-14,138.45517328899265,507442
2021-09-15,134.91218986078505,294718
2021-09-16,136.7865857567617,521947
2021-09-17,137.85789349820018,471602
2021-09-20,135.33542549525674,996816
2021-09-21,134.01220524989043,168926
2021-09-22,131.24026055453854,761357
2021-09-23,131.1413602636667,417650
2021-09-24,133.7121042069171,964661
2021-09-27,131.14289018247877,543031
2021-09-28,132.53050396419835,142092
2021-09-29,131.19126302830534,424683
2021-09-30,129.17649889411297,252889
2021-10-01,128.96457100007387,793221
2021-10-04,126.35886164573522,637716
2021-10-05,125.02287115706564,275006
2021-10-06,122.09013992410351,870915
2021-10-07,126.94865632186885,869727
2021-10-08,127.10166386082874,241330
2021-10-11,125.38648916652473,157775
2021-10-12,125.98578620629061,836940
2021-10-13,125.76574434632738,367613
2021-10-14,125.27281909523643,390998
2021-10-15,126.87422338296122,761616
2021-10-18,128.85982454302984,879446
2021-10-19,127.557048759282,176256
2021-10-20,126.15183377569369,461278
2021-10-21,125.5209441730056,757011
2021-10-22,119.8049182849034,281360
2021-10-25,116.23427391619157,446874
2021-10-26,119.46994381337248,518267
2021-10-27,123.46016279141537,389530
2021-10-28,122.90697227311988,342634
2021-10-29,124.38568317269983,133787
2021-11-01,125.22217727649631,645909
2021-11-02,132.99567153332623,702272
2021-11-03,136.04014171265501,553008
2021-11-04,135.76012323805963,538469
2021-11-05,133.2335175401814,920483
2021-11-08,129.01948441920354,411955
2021-11-09,129.60900962936606,130447
2021-11-10,127.71321671360612,228046
2021-11-11,124.14426139725136,839290
2021-11-12,122.6009672648744,616494
2021-11-15,120.01029112077647,785614
2021-11-16,124.11978344207768,970477
2021-11-17,126.37042204792854,741147
2021-11-18,126.41345713799215,288490
2021-11-19,130.2183609659251,507688
2021-11-22,130.48496563065964,604409
2021-11-23,128.302515325304,627759
2021-11-24,132.27507958829125,338404
2021-11-25,133.76690450647175,744600
2021-11-26,131.05880381321515,616595
2021-11-29,130.62542202574122,851164
2021-11-30,128.40317465911755,763689
2021-12-01,124.91625873897522,265937
2021-12-02,127.29260955165856,146850
2021-12-03,132.21734839417044,416364
2021-12-06,128.58515914515883,343306
2021-12-07,130.0972415026051,193808
2021-12-08,128.46935405441806,601597
2021-12-09,127.28197506353006,761757
2021-12-10,125.83759467720665,328981
2021-12-13,123.72606306894893,622220
2021-12-14,123.9079939004696,790885
2021-12-15,121.91072065830278,153072
2021-12-16,122.63110774938747,845466
2021-12-17,122.5692082030025,708108
2021-12-20,122.04473934898262,577746
2021-12-21,119.89049430712761,123284
2021-12-22,118.56745155580083,183369
2021-12-23,120.41803153305419,911554
2021-12-24,121.68462978271674,956985
2021-12-27,119.3664031364988,837266
2021-12-28,119.66322513835392,981220
2021-12-29,121.52132488112507,687100
2021-12-30,117.52471871305731,370143
2021-12-31,118.86064614780034,384580
2022-01-03,117.34487870805049,929395
2022-01-04,118.74268777854529,757456
2022-01-05,116.9894302480457,623156
2022-01-06,112.82488239073696,869097
2022-01-07,109.2087491491303,518495
2022-01-10,109.36837946126072,352164
2022-01-11,109.9911722334494,995331
2022-01-12,108.05683090625752,869605
2022-01-13,109.490944868433,388345
2022-01-14,105.9072623101535,250787
2022-01-17,105.82024932993372,260381
2022-01-18,103.31015873056964,770438
2022-01-19,102.01498797466778,549830
2022-01-20,102.16270296634228,629393
2022-01-21,100.45574121650994,456992
2022-01-24,99.73335284242768,889271
2022-01-25,101.79043863493253,168920
2022-01-26,100.66689232537625,930051
2022-01-27,102.3997563287875,667109
2022-01-28,100.13732207415389,750024
2022-01-31,101.24845416719366,641357
2022-02-01,104.21821028262818,605659
2022-02-02,99.11851206260616,107531
2022-02-03,97.58832987879778,530267
2022-02-04,98.76343414596026,763096
2022-02-07,98.41174667077128,763070
2022-02-08,99.19145481746907,167155
2022-02-09,98.04284715770694,686712
2022-02-10,98.26165876725827,407747
2022-02-11,98.00484752900337,574013
2022-02-14,100.34281601076935,232503
2022-02-15,100.90357349614831,829963
2022-02-16,101.6353315834004,792841
2022-02-17,100.84892420872366,979005
2022-02-18,99.91585740812424,764917
2022-02-21,99.10142689253026,465446
2022-02-22,99.93279300898661,755522
2022-02-23,99.14135630585497,119675
2022-02-24,99.7655004307288,173997
2022-02-25,103.9564511663681,248087
2022-02-28,105.81961004579355,586799
2022-03-01,105.18252619002138,619349
2022-03-02,107.76205174967293,855678
2022-03-03,106.93643198624146,240905
2022-03-04,102.63090488752385,370040
2022-03-07,100.61300413408404,526188
2022-03-08,96.89879073046737,411877
2022-03-09,96.26601549525148,875723
2022-03-10,96.34960978252829,666088
2022-03-11,99.62826620467142,196044
2022-03-14,100.32950448623315,367491
2022-03-15,99.94002428871497,814423
2022-03-16,101.6478105794328,589066
2022-03-17,97.20349322361193,758003
2022-03-18,97.71014613227354,402929
2022-03-21,99.26542822019925,905113
2022-03-22,96.3796109973527,466008
2022-03-23,98.63249219807004,933731
2022-03-24,99.34954332959443,117073
2022-03-25,98.57404480933234,988736
2022-03-28,99.87084919221888,654970
2022-03-29,104.45630509608763,853158
2022-03-30,104.88847478913713,852254
2022-03-31,105.46162860069786,507505
2022-04-01,104.5454604433783,215359
2022-04-04,102.8207857553818,166707
2022-04-05,104.57971177021781,351351
2022-04-06,102.84142163080902,570670
2022-04-07,103.04004181315264,338511
2022-04-08,102.1072049683184,335718
2022-04-11,103.13640439566609,689716
2022-04-12,103.87622679431159,150601
2022-04-13,106.08367959886657,495755
2022-04-14,105.05463311374051,595479
2022-04-15,104.54012818402059,735775
2022-04-18,102.54599656191759,778029
2022-04-19,101.68605965779359,564184
2022-04-20,102.50422669651596,513860
2022-04-21,104.10736946521017,511961
2022-04-22,102.23933902769947,351924
2022-04-25,104.06861738693686,883441
2022-04-26,106.94223884849472,914660
2022-04-27,107.87998305129605,623394
2022-04-28,111.98329705181186,349430
2022-04-29,110.30625938556379,527737
2022-05-02,107.61554842427795,222788
2022-05-03,103.84099709690605,721527
2022-05-04,106.99993225557833,651216
2022-05-05,108.45377383971135,380466
2022-05-06,108.38743338007366,550930
2022-05-09,109.04852871343871,450040
2022-05-10,106.64839448397588,162292
2022-05-11,111.91842911986066,653343
2022-05-12,112.26363296833416,405035
2022-05-13,112.56538592622174,706200
2022-05-16,114.25559262141539,761948
2022-05-17,115.4118803142951,452680
2022-05-18,115.98636377873996,368448
2022-05-19,114.2106718056877,631633
2022-05-20,115.34471149766306,260372
2022-05-23,119.74401530496083,191006
2022-05-24,123.02600728458096,229350
2022-05-25,127.00758807891594,788725
2022-05-26,125.77252647192228,905878
2022-05-27,123.34611076610395,888768
2022-05-30,123.09747727389623,948464
2022-05-31,123.29621793501414,306487
2022-06-01,126.05605956246242,197852
2022-06-02,121.8521791488298,592092
2022-06-03,125.6406860292855,238593
2022-06-06,125.30646195678995,827067
2022-06-07,124.29929605673954,778841
2022-06-08,121.8453684771522,380618
2022-06-09,117.87355874218362,277832
2022-06-10,119.87309644522416,942150
2022-06-13,120.10881002848564,406773
2022-06-14,117.07015106047643,145232
2022-06-15,114.09638478639259,448688
2022-06-16,113.38719657367399,560385
2022-06-17,117.22880360743446,883301
2022-06-20,116.67878633829432,412813
2022-06-21,113.22942782220785,309093
2022-06-22,112.7295356053644,431328
2022-06-23,112.17102034584124,803305
2022-06-24,106.17685532609762,113140
2022-06-27,106.11464659001643,488612
2022-06-28,105.67759319214093,707745
2022-06-29,107.20190024870764,638645
2022-06-30,111.21973333592342,623375
2022-07-01,113.78126844602893,211672
2022-07-04,113.22626915460954,430817
2022-07-05,110.77712628179218,745961
2022-07-06,116.53390292279502,689921
2022-07-07,116.73018897907012,832303
2022-07-08,116.82107345110651,720399
2022-07-11,116.82311761636622,964690
2022-07-12,117.34434676127826,506140
2022-07-13,117.06422136995081,169286
2022-07-14,115.77964755733663,193269
2022-07-15,114.57123467150748,358635
2022-07-18,114.55346863667971,174071
2022-07-19,113.36572152146873,550542
2022-07-20,111.8061588524948,321095
2022-07-21,112.1000530308016,613317
2022-07-22,111.58444386542652,130651
2022-07-25,114.99668051152923,170202
2022-07-26,108.95712428975537,148777
2022-07-27,111.39015180646095,248066
2022-07-28,114.22187925748607,953695
2022-07-29,109.54245962151931,290706
2022-08-01,108.84645401258322,724446
2022-08-02,108.09227681680942,897232
2022-08-03,105.10350008065112,924255
2022-08-04,103.52102670495266,863935
2022-08-05,101.27342818317827,426022
2022-08-08,104.87323359546122,380852
2022-08-09,106.88822258615454,768179
2022-08-10,109.6599519779335,830265
2022-08-11,111.2975524316584,688158
2022-08-12,108.8399872337721,633571
2022-08-15,107.75263164567409,785933
2022-08-16,108.86113589815201,965139
2022-08-17,106.25472203632715,524149
2022-08-18,107.82303839755141,630062
2022-08-19,107.35869762407997,303127
2022-08-22,106.60757149807338,242055
2022-08-23,108.17674959667285,720756
2022-08-24,109.19201719150345,982766
2022-08-25,108.45832072442585,904565
2022-08-26,111.02732915756137,625069
2022-08-29,108.6822913438681,214586
2022-08-30,110.0754583511996,549916
2022-08-31,111.43621393676607,389768
2022-09-01,110.80203837903929,631111
2022-09-02,111.58016347117169,642777
2022-09-05,108.8439644054258,271033
2022-09-06,110.90988166739267,612880
2022-09-07,110.55518712676756,391262
2022-09-08,109.4546698933519,200417
2022-09-09,111.80577639887973,181816
2022-09-12,110.28668542362345,777623
2022-09-13,107.23513820786734,375709
2022-09-14,103.95024888574659,775714
2022-09-15,105.26212171558183,274023
2022-09-16,102.61913856942627,977611
2022-09-19,106.2719574851485,647936
2022-09-20,101.90007919345709,543945
2022-09-21,105.40840999859381,141971
2022-09-22,105.90597451758828,118658
2022-09-23,105.75407757762183,121253
2022-09-26,104.65440630881223,557382
2022-09-27,105.54216057364508,279635
2022-09-28,105.5154906978026,257462
2022-09-29,107.89655723252716,450808
2022-09-30,108.19700091177144,806938
2022-10-03,108.57634340866596,310097
2022-10-04,107.84103789195197,728138
2022-10-05,107.77213690758825,762212
2022-10-06,108.4894720635907,620498
2022-10-07,104.83301147843935,326058
2022-10-10,102.05874122756512,757911
2022-10-11,103.62690255489102,958379
2022-10-12,104.03284112830612,685289
2022-10-13,103.7020513648496,280231
2022-10-14,103.79213512400409,222775
2022-10-17,104.56555613815671,657531
2022-10-18,103.48903349317574,777160
2022-10-19,101.92985793402119,962371
2022-10-20,102.38007244357136,419972
2022-10-21,100.42794496281225,361716
2022-10-24,101.29815864092984,500455
2022-10-25,97.89943603941968,368854
2022-10-26,99.9634608872588,514600
2022-10-27,100.9582922166747,271918
2022-10-28,101.5257378574434,319055
2022-10-31,103.57186927099062,400135
2022-11-01,107.07358123434719,834417
2022-11-02,109.29936273613254,500187
2022-11-03,105.32988481026227,522355
2022-11-04,102.68699586242468,971877
2022-11-07,101.45512450630385,308139
2022-11-08,101.55879348350982,180257
2022-11-09,102.66102939134558,577958
2022-11-10,101.22224776738655,924143
2022-11-11,101.6509579254425,106530
2022-11-14,100.16607543092032,373260
2022-11-15,98.99109170099894,690082
2022-11-16,96.25564889424282,310545
2022-11-17,94.52644841498709,757258
2022-11-18,92.0183127362721,628423
2022-11-21,90.2683576889716,471616
2022-11-22,92.21570215926103,578336
2022-11-23,90.51082030708346,875158
2022-11-24,95.32125691823873,713375
2022-11-25,96.30939119414253,820391
2022-11-28,96.71357498061438,919812
2022-11-29,95.1016347774297,379215
2022-11-30,96.48119788247,120074
2022-12-01,95.4186739409736,846084
2022-12-02,95.69922357236898,692131
2022-12-05,100.64703523599418,139901
2022-12-06,100.50399587136512,373349
2022-12-07,102.86437910210252,892338
2022-12-08,101.46917516425736,495807
2022-12-09,101.44890468642012,687275
2022-12-12,105.09254483682813,442829
2022-12-13,103.82729983661103,472598
2022-12-14,107.64284628392093,467631
2022-12-15,109.22035636297052,678688
2022-12-16,108.04631010704195,256222
2022-12-19,109.46691971585717,131852
2022-12-20,111.65090397284688,613012
2022-12-21,113.09524231245074,939188
2022-12-22,109.60009102998673,477501
2022-12-23,108.06100506226787,743340
2022-12-26,107.58009331421226,156481
2022-12-27,107.47373225590377,887715
2022-12-28,108.86158805864915,133691
2022-12-29,109.3029151159026,494341
2022-12-30,106.43842595164875,298137
2023-01-02,107.30099838085007,650458
2023-01-03,108.66497808136188,632726
2023-01-04,109.9359029054942,906527
2023-01-05,112.36720295508098,771514
2023-01-06,114.29749655633722,501220
2023-01-09,115.40430797510241,896184
2023-01-10,115.30006162160065,155426
2023-01-11,111.52753369270215,339968
2023-01-12,112.54158266773466,388963
2023-01-13,113.06532347934728,595384
2023-01-16,113.73597912263975,978483
2023-01-17,110.88860212491389,621121
2023-01-18,108.54650945429898,255289
2023-01-19,110.88710403204857,361501
2023-01-20,110.85482445485046,619165
2023-01-23,112.4212046705399,319780
2023-01-24,112.54108699205317,395138
2023-01-25,112.66433330121997,770396
2023-01-26,114.83488785682293,832635
2023-01-27,113.70710653087241,197756
2023-01-30,113.98255239260702,542632
2023-01-31,112.98571732251072,195665
2023-02-01,112.06037282256467,756005
2023-02-02,111.42348414053116,262002
2023-02-03,111.97421425821553,361691
2023-02-06,110.95805135058521,706123
2023-02-07,113.80025542956447,222232
2023-02-08,111.8210247672446,842849
2023-02-09,111.45901170462696,545358
2023-02-10,110.53450142705789,343051
2023-02-13,113.78858825823181,257547
2023-02-14,114.29279636305422,512104
2023-02-15,116.70859071779212,668020
2023-02-16,113.29939186188416,836983
2023-02-17,113.96117421220593,408449
2023-02-20,116.04582220100376,801397
2023-02-21,116.29481937589316,633634
2023-02-22,118.83116374091678,887019
2023-02-23,117.661179552484,112763
2023-02-24,121.03651978649043,290237
2023-02-27,126.66205061091502,862841
2023-02-28,125.80622411410049,956047
2023-03-01,124.74818742514269,529332
2023-03-02,128.4367031019007,745275
2023-03-03,132.55842222763658,316823
2023-03-06,131.23851143384368,191353
2023-03-07,130.2012368415649,321373
2023-03-08,129.5325633680546,457792
2023-03-09,126.11432722942342,649844
2023-03-10,123.86028094926104,945474
2023-03-13,121.43474794008532,642387
2023-03-14,119.63071923830672,471233
2023-03-15,119.60754703743028,276168
2023-03-16,120.22762780372341,827346
2023-03-17,124.01600154081608,768590
2023-03-20,121.60177201649566,522225
2023-03-21,124.05647986030951,302041
2023-03-22,123.58757404535982,133866
2023-03-23,123.52710583479792,205400
2023-03-24,125.25603936428031,970678
2023-03-27,122.50611310940343,439119
2023-03-28,123.50431679836136,535071
2023-03-29,123.97722028185919,443701
2023-03-30,125.26026366872048,237488
2023-03-31,126.04732061216724,696804
2023-04-03,132.30002435116228,286987
2023-04-04,130.67871405441468,511274
2023-04-05,129.35625342651295,533934
2023-04-06,127.80878907609556,394746
2023-04-07,126.4527963114466,567874
2023-04-10,124.90403501798575,571328
2023-04-11,127.93674628426318,289139
2023-04-12,131.63540848882124,258588
2023-04-13,130.1986177626418,753583
2023-04-14,128.09628616941907,712257
2023-04-17,129.36806595281558,756449
2023-04-18,128.00394944152788,305735
2023-04-19,129.68830686424684,765847
2023-04-20,130.27948587763862,362299
2023-04-21,126.39521834009952,223950
2023-04-24,130.37036110536064,429638
2023-04-25,135.1181307007637,700517
2023-04-26,133.52971251865767,204648
2023-04-27,132.56108381809125,138547
2023-04-28,133.3852568804118,653083
2023-05-01,134.34418160580833,286368
2023-05-02,136.1807855238797,645735
2023-05-03,141.72390057969906,791958
2023-05-04,141.29320950444452,846111
2023-05-05,139.1079765128089,356190
2023-05-08,135.3400443655791,306402
2023-05-09,133.42923230708442,352419
2023-05-10,133.4075447920538,854105
2023-05-11,138.26239973563347,974392
2023-05-12,136.9002073288009,949710
2023-05-15,137.58138977200633,679365
2023-05-16,137.60499076957691,212782
2023-05-17,140.9443701734307,727220
2023-05-18,148.13798034322897,543316
2023-05-19,146.6392127764465,472013
2023-05-22,145.2771120917824,410925
2023-05-23,148.38360418342467,286339
2023-05-24,150.48142632337152,575595
2023-05-25,156.11457008410477,517168
2023-05-26,158.0158213213899,940230
2023-05-29,156.95935253565065,198696
2023-05-30,158.89200820786888,603650
2023-05-31,162.49473698049428,150939
2023-06-01,165.2424650736015,915948
2023-06-02,167.00155053349815,811886
2023-06-05,170.6477778502894,241521
2023-06-06,174.72385562240845,674578
2023-06-07,179.64114051016475,973093
2023-06-08,182.06166076175631,435098
2023-06-09,181.54417568722113,909178
2023-06-12,182.16764808037618,692278
2023-06-13,186.6544699207506,683098
2023-06-14,183.69810326316147,742650
2023-06-15,185.14444406606717,576513
2023-06-16,183.78052637334108,246295
2023-06-19,183.97807141031714,565453
2023-06-20,188.77420260749065,757957
2023-06-21,189.59008119248423,821037
2023-06-22,189.86095441178492,364803
2023-06-23,184.79221319320735,186516
2023-06-26,187.64264626119382,174567
2023-06-27,190.15887478170544,901469
2023-06-28,198.4811959000958,226498
2023-06-29,197.358672655136,802098
2023-06-30,198.32237634705743,564894
2023-07-03,199.41070483074495,636397
2023-07-04,205.8016315902644,384154
2023-07-05,205.51229288508958,895219
2023-07-06,206.7618961020393,863760
2023-07-07,209.37907374974637,239544
2023-07-10,210.26520419381583,346183
2023-07-11,208.49294769346375,778743
2023-07-12,209.40652206205388,423853
2023-07-13,214.00773513735552,563001
2023-07-14,209.7210947187081,868613
2023-07-17,210.3836861785969,134518
2023-07-18,207.54299806534087,153909
2023-07-19,212.60724076827236,904783
2023-07-20,206.2367330886476,824984
2023-07-21,204.03444713852863,615693
2023-07-24,205.67574868975544,639570
2023-07-25,212.21839310019183,578082
2023-07-26,212.0454340017254,339017
2023-07-27,209.79690622682202,514994
2023-07-28,217.79502334584245,552891
2023-07-31,211.59651643259016,891507
2023-08-01,202.3971210761657,569164
2023-08-02,204.27947279515791,803814
2023-08-03,202.33042508624882,128365
2023-08-04,198.29906089875024,565982
2023-08-07,201.20753879482032,541416
2023-08-08,202.2892333957042,373146
2023-08-09,200.10823733666942,376091
2023-08-10,195.0843023258894,310294
2023-08-11,198.5858990609852,981272
2023-08-14,201.26760772042437,216219
2023-08-15,200.9690237473549,440754
2023-08-16,208.49184494545753,938574
2023-08-17,204.13401192434287,680595
2023-08-18,198.00784746165633,235565
2023-08-21,195.36678683421647,879383
2023-08-22,195.28635035683465,412229
2023-08-23,196.3344109911345,658516
2023-08-24,195.48531941004916,835036
2023-08-25,196.95949530250675,524871
2023-08-28,192.1279235833632,667760
2023-08-29,197.77173745562993,935869
2023-08-30,197.54567969866324,946143
2023-08-31,202.05879182802374,237888
2023-09-01,203.54483461229614,177175
2023-09-04,205.5060021986281,688595
2023-09-05,207.9505671186095,408877
2023-09-06,209.91656738135794,195028
2023-09-07,212.71988877563396,609666
2023-09-08,218.48099228753426,242312
2023-09-11,219.4489555869157,591450
2023-09-12,222.6704827469091,192493
2023-09-13,222.38218818095123,225149
2023-09-14,228.89850762721596,853704
2023-09-15,225.9164531107915,302435
2023-09-18,234.16665283468737,263834
2023-09-19,234.09566310336297,370403
2023-09-20,227.51394600927253,281211
2023-09-21,228.21061380102842,376993
2023-09-22,225.21625477227792,443912
2023-09-25,229.1153947336984,468252
2023-09-26,226.23942841845437,976141
2023-09-27,224.3336624346577,417013
2023-09-28,215.9680774160256,163095
2023-09-29,214.12238693130678,217886
2023-10-02,203.84931158374764,957342
2023-10-03,197.49368623587714,579926
2023-10-04,200.59597494918958,385711
2023-10-05,203.84883991546002,135292
2023-10-06,205.68534494348026,174813
2023-10-09,201.81033118491902,721424
2023-10-10,201.7186634588256,675919
2023-10-11,201.80498880314687,109885
2023-10-12,197.2306158348992,285378
2023-10-13,203.2595546008702,952746
2023-10-16,206.92782974629085,427231
2023-10-17,206.1168209223189,522381
2023-10-18,206.33071180600768,560244
2023-10-19,207.29379262374977,982430
2023-10-20,198.93266023190515,674100
2023-10-23,198.04869347694148,805860
2023-10-24,195.4463960379236,572367
2023-10-25,191.62885881327395,420787
2023-10-26,190.64733467592436,144900
2023-10-27,197.59714124179595,536162
2023-10-30,200.22851415984832,501067
2023-10-31,198.04130200805758,902720
2023-11-01,200.40822344960498,172692
2023-11-02,206.11727430174471,560796
2023-11-03,210.03199242788685,500584
2023-11-06,210.3874941321717,971868
2023-11-07,207.77053972876945,851496
2023-11-08,210.77582969304794,146403
2023-11-09,212.53996177958163,715458
2023-11-10,216.45151841587213,895600
2023-11-13,219.30942219366023,412023
2023-11-14,224.02261289592644,159871
2023-11-15,221.73652839022037,582604
2023-11-16,227.68968438712812,591862
2023-11-17,228.70335706187035,132174
2023-11-20,238.3100913073722,855111
2023-11-21,235.14443811588882,323563
2023-11-22,243.42605499664305,237653
2023-11-23,244.5113008493335,210155
2023-11-24,241.44797523054928,433997
2023-11-27,239.23203412066133,950478
2023-11-28,237.81890337443355,411822
2023-11-29,239.95530643056242,601608
2023-11-30,242.5844270786643,913081
2023-12-01,239.92230555679427,227795
2023-12-04,239.92540251104967,188668
2023-12-05,250.32506677385402,837685
2023-12-06,259.09917649544445,769927
2023-12-07,261.4897481536524,573620
2023-12-08,261.81924342643254,976338
2023-12-11,262.57868327112266,863429
2023-12-12,265.9319074416126,720307
2023-12-13,260.62500983972717,964434
2023-12-14,259.41374709267757,653091
2023-12-15,250.88638102734888,773590
2023-12-18,253.01501710692008,773222
2023-12-19,256.4165304505819,536571
2023-12-20,254.06679879133725,330147
2023-12-21,262.19178775651363,655083
2023-12-22,255.89516983932924,607820
2023-12-25,248.5285882506541,370914
2023-12-26,249.7685064167195,635381
2023-12-27,255.12403425222627,493409
2023-12-28,263.8438047900278,462455
2023-12-29,261.55425129495063,379713
2024-01-01,267.32769957608485,897622
2024-01-02,267.2554758145565,949256
2024-01-03,266.4663917287785,798112
2024-01-04,271.30893842578996,787687
2024-01-05,274.9842134480669,404214
2024-01-08,266.4520464073106,664485
2024-01-09,274.4538163862629,626549
2024-01-10,282.16647007660504,257584
2024-01-11,278.7772969257128,448939
2024-01-12,281.1235063574822,391077
2024-01-15,284.04173807494584,759738
2024-01-16,285.6646035342866,664871
2024-01-17,282.6633817641312,474226
2024-01-18,279.00784680594955,971803
2024-01-19,279.00475500286353,784393
2024-01-22,285.6881968344291,517216
2024-01-23,288.93704389214633,211032
2024-01-24,286.939828223352,306940
2024-01-25,291.51192004693604,404748
2024-01-26,275.04999343345145,561552
2024-01-29,281.5068783970466,981506
2024-01-30,271.85280393288207,326727
2024-01-31,270.0181186112382,173869
2024-02-01,264.10650450229195,891842
2024-02-02,257.39988177461277,969807
2024-02-05,263.50451527214074,811404
2024-02-06,261.17143996289906,818675
2024-02-07,263.1119640377674,982487
2024-02-08,262.99661270653246,302416
2024-02-09,265.6373134465338,711004
2024-02-12,266.1782673183597,678533
2024-02-13,259.48126350767006,667344
2024-02-14,264.7812556014421,510925
2024-02-15,262.29889646822426,875024
2024-02-16,254.26425163084104,420701
2024-02-19,252.2142961363602,379687
2024-02-20,259.91066476972003,530634
2024-02-21,264.4602540659927,849971
2024-02-22,262.7483915521026,596507
2024-02-23,261.04442774694166,982470
2024-02-26,259.4957292030471,509940
2024-02-27,270.4036217149502,365972
2024-02-28,272.60435811670266,216656
2024-02-29,275.0852848396804,117087
2024-03-01,280.89114383045944,393481
2024-03-04,282.3730646026401,236554
2024-03-05,281.0513206434087,951765
2024-03-06,280.08815861586106,585757
2024-03-07,279.82710939709176,282024
2024-03-08,279.75870713483346,236535
2024-03-11,283.9698004964207,867524
2024-03-12,284.4068066532551,694736
2024-03-13,288.7163665523233,628936
2024-03-14,288.39464078100985,492720
2024-03-15,288.99239745067945,395767
2024-03-18,277.58759752119437,552372
2024-03-19,282.8136152752119,135634
2024-03-20,284.9148552532477,476742
2024-03-21,290.7442708007132,411478
2024-03-22,274.0482497764022,955080
2024-03-25,285.6315825557398,646342
2024-03-26,284.97697421905104,694316
2024-03-27,291.43559442606863,646495
2024-03-28,285.52000018290124,573866
2024-03-29,289.16194429270354,855181
2024-04-01,283.21437141694014,705842
2024-04-02,279.8227719203914,776746
2024-04-03,290.67447448598244,707564
2024-04-04,289.71128159051324,414925
2024-04-05,291.1159923582846,808140
2024-04-08,296.3273629712313,292512
2024-04-09,299.4132087874274,947467
2024-04-10,300.4636635328477,632498
2024-04-11,302.80704576156654,668651
2024-04-12,317.51387274651347,866535
2024-04-15,317.3067343351041,702567
2024-04-16,318.74158933809224,291420
2024-04-17,325.59870517333167,810644
2024-04-18,332.9606607720515,600844
2024-04-19,341.0318290003542,303196
2024-04-22,345.55889163198265,299919
2024-04-23,337.8321608623375,515648
2024-04-24,349.03759102632785,357324
2024-04-25,341.2097571325736,819449
2024-04-26,343.44560548301814,854651
2024-04-29,338.43627376553735,758681
2024-04-30,338.17135704189184,967780
2024-05-01,340.5640033291466,530599
2024-05-02,342.92313932666025,475960
2024-05-03,345.9883286881123,834042
2024-05-06,357.32782815179183,747341
2024-05-07,360.7477006049143,572406
2024-05-08,359.1664955598461,283965
2024-05-09,366.27143500059293,266892
2024-05-10,375.16795197547896,952694
2024-05-13,366.1443537547859,234832
2024-05-14,370.70211918182815,253262
2024-05-15,376.0859946711627,167411
2024-05-16,374.03584834571876,385521
2024-05-17,384.5141395697315,539953
2024-05-20,383.55242674080756,138211
2024-05-21,384.7075060235882,313981
2024-05-22,383.56821917893603,365888
2024-05-23,383.8795158392721,880926
2024-05-24,375.654704605512,387139
2024-05-27,365.0232941794574,772337
2024-05-28,376.8464356418312,853298
2024-05-29,370.6513715548489,658830
2024-05-30,363.487478559127,110651
2024-05-31,348.0146154434472,199239
2024-06-03,343.74126221306426,965363
2024-06-04,334.81712173202845,850704
2024-06-05,345.98002608803876,988544
2024-06-06,353.140546959381,903147
2024-06-07,348.4568414471338,537625
2024-06-10,364.32860319371156,255378
2024-06-11,371.6644724660972,250158
2024-06-12,369.435739006487,507592
2024-06-13,351.1530609289631,423494
2024-06-14,367.41806739498185,433569
2024-06-17,357.3906958238082,596574
2024-06-18,345.8083871100692,529852
2024-06-19,353.0535599396182,972552
2024-06-20,370.4573521681746,544865
2024-06-21,380.8988617047344,527826
2024-06-24,385.385157974244,765418
2024-06-25,390.16204047160204,355948
2024-06-26,397.0165286075166,621481
2024-06-27,403.24118075538314,961069
2024-06-28,405.71056058215476,571249
2024-07-01,406.7589256283978,956626
2024-07-02,406.4530988220894,963349
2024-07-03,400.5273005005607,164200
2024-07-04,398.47920353370625,205848
2024-07-05,385.18628147672234,206022
2024-07-08,384.62129311412315,801979
2024-07-09,377.20893996081,512755
2024-07-10,369.07186930080974,880741
2024-07-11,370.5842826483101,946490
2024-07-12,381.0866581642307,162068
2024-07-15,388.2763656236756,570529
2024-07-16,376.27473847479547,986364
2024-07-17,369.0154344785268,261445
2024-07-18,376.1431239693731,788514
2024-07-19,368.9400779820373,237103
2024-07-22,367.46702458348324,324605
2024-07-23,371.693278259664,303047
2024-07-24,364.68058240053716,909217
2024-07-25,365.6314907107787,349768
2024-07-26,356.05907184907153,784029
2024-07-29,351.9546532820894,194475
2024-07-30,354.38160540387065,610370
2024-07-31,343.2682426728274,626570
2024-08-01,346.46389657899266,789984
2024-08-02,346.5010527605547,803798
2024-08-05,350.5030703038384,320972
2024-08-06,352.24797366847207,953966
2024-08-07,362.0344117004568,262777
2024-08-08,363.1221404892394,961396
2024-08-09,360.1851683748572,792797
2024-08-12,361.24625589347477,308944
2024-08-13,365.35216659789546,743294
2024-08-14,365.89186533226683,336440
2024-08-15,366.37185465716453,828342
2024-08-16,361.41124065217963,412727
2024-08-19,356.8003494116746,924824
2024-08-20,346.96974856508467,107461
2024-08-21,359.28423749294507,724411
2024-08-22,350.52587053023024,896948
2024-08-23,345.8435095124487,572501
2024-08-26,341.04730146753104,248586
2024-08-27,347.32205599375305,483395
2024-08-28,345.4468664481683,594178
2024-08-29,354.2401616642061,331496
2024-08-30,349.6457331928087,792148
2024-09-02,351.7715384275501,831109
2024-09-03,346.0703978358418,816409
2024-09-04,361.09088527607463,948925
2024-09-05,352.694811429116,660315
2024-09-06,355.05660197423765,979979
2024-09-09,359.7346635902964,273921
2024-09-10,362.89168850440524,986559
2024-09-11,361.72834732087426,773218
2024-09-12,360.97001495128245,839522
2024-09-13,361.4667925126649,703291
2024-09-16,360.58479906848936,807755
2024-09-17,367.7162946211397,664046
2024-09-18,384.15705931484973,416456
2024-09-19,380.0658497500913,430814
2024-09-20,369.84357600648775,182279
2024-09-23,369.37548682530286,115434
2024-09-24,388.6178024179924,819407
2024-09-25,382.56566642992885,540991
2024-09-26,395.298345523768,437913
2024-09-27,408.7598418182958,870042
2024-09-30,404.4385288969444,428821
2024-10-01,409.2431217516518,183555
2024-10-02,422.775945662507,752667
2024-10-03,419.7816118508808,841280
2024-10-04,418.2823168227072,863799
2024-10-07,413.62532117435876,276806
2024-10-08,405.4375522620124,988097
2024-10-09,400.3754410659384,581719
2024-10-10,390.7749163036054,533819
2024-10-11,391.23668305088387,569924
2024-10-14,385.4074659332622,168803
2024-10-15,387.4022263829122,532548
2024-10-16,375.54077874892835,978135
2024-10-17,378.2137295398717,907744
2024-10-18,384.7078783496338,848736
2024-10-21,369.56011610793445,577742
2024-10-22,372.50962395366446,799539
2024-10-23,381.8422490601573,826802
2024-10-24,372.795329242038,345404
2024-10-25,385.45227037930505,742249
2024-10-28,388.8752330843393,402523
2024-10-29,383.58643770617596,117297
2024-10-30,383.3503856883715,888443
2024-10-31,387.82275762632366,609346
2024-11-01,388.6062014149774,220234
2024-11-04,392.9877829099677,668302
2024-11-05,385.9480073188624,867454
2024-11-06,387.4482707736139,980765
2024-11-07,376.6871701651322,278570
2024-11-08,376.0375651442537,883152
2024-11-11,369.4275193545917,897552
2024-11-12,364.1777330722297,609733
2024-11-13,373.36297414704967,384996
2024-11-14,381.6987514809602,441383
2024-11-15,386.53974606129526,494145
2024-11-18,378.2885699608049,832847
2024-11-19,376.0838402466141,611603
2024-11-20,385.39641099878753,715863
2024-11-21,386.68145300217986,607365
2024-11-22,404.8116280589009,719328
2024-11-25,408.19842657112724,248510
2024-11-26,409.9704087279249,279587
2024-11-27,407.64082186881626,630032
2024-11-28,408.93337676332175,839180
2024-11-29,407.8908433507905,535633
2024-12-02,413.8714096788363,928791
2024-12-03,421.9973801135714,775159
2024-12-04,415.5746689410035,460890
2024-12-05,404.71792239631145,849122
2024-12-06,390.0573768836034,745194
2024-12-09,394.2153208611478,301260
2024-12-10,385.7131481079722,845219
2024-12-11,369.2980405192314,877881
2024-12-12,372.3527158843106,863034
2024-12-13,391.1043950625403,631885
2024-12-16,391.2524600563658,933525
2024-12-17,398.0093178511695,530442
2024-12-18,398.8596994536094,303199
2024-12-19,398.27026735631836,476794
2024-12-20,405.79021922200536,584585
2024-12-23,403.6373029131987,832722
2024-12-24,405.9977118140893,781777
2024-12-25,408.8128821342203,572890
2024-12-26,403.5548088976839,483100
2024-12-27,411.7634555178452,215598
2024-12-30,410.5284965657349,350100
2024-12-31,404.52866233174916,882877
